CDR3A,CDR3B,peptide,assigned_allele,counts
AAGNKL,SYGPPYEQ,LTDEMIAQY,A*01:01:01:01,1
ADGSSNTGKL,SSRSAYEQ,GILGFVFTL,A*02:01:01:01,1
ADNYGQNF,SFTDEQ,KLGGALQAK,A*03:01:01:01,1
ADSGGSNYKL,SRQGGNYGY,FLYALALLL,A*02:01:01:01,1
AGGGNKL,SGQGNYEQ,SPRWYFYYL,B*07:02:01:01,1
AGGGNKL,SLQGNYEQ,SPRWYFYYL,B*07:02:01:01,1
AGGGSQGNL,SFRSTDTQ,GILGFVFTL,A*02:01:01:01,1
AGGGSQGNL,SGRATGEL,GILGFVFTL,A*02:01:01:01,1
AGGGSQGNL,SGRSTDTQ,GILGFVFTL,A*02:01:01:01,1
AGGGSQGNL,SGRSTGEL,GILGFVFTL,A*02:01:01:01,1
AGGGSQGNL,SIRSTDTQ,GILGFVFTL,A*02:01:01:01,2
AGGGSQGNL,SKRSTDTQ,GILGFVFTL,A*02:01:01:01,2
AGGGSQGNL,SLRSADTQ,GILGFVFTL,A*02:01:01:01,1
AGGGSQGNL,SLRSTDTQ,GILGFVFTL,A*02:01:01:01,1
AGGGSQGNL,SPRSTDTQ,GILGFVFTL,A*02:01:01:01,1
AGGGSQGNL,SQRSTDTQ,GILGFVFTL,A*02:01:01:01,1
AGGGSQGNL,SRRSTDTQ,GILGFVFTL,A*02:01:01:01,1
AGGGSQGNL,SSRATGEL,GILGFVFTL,A*02:01:01:01,1
AGGGSQGNL,SSRSTDTQ,GILGFVFTL,A*02:01:01:01,1
AGGGSQGNL,SSRSTGEL,GILGFVFTL,A*02:01:01:01,1
AGGGSQGNL,STRSTDTQ,GILGFVFTL,A*02:01:01:01,1
AGGGSQGNL,STRSTGEL,GILGFVFTL,A*02:01:01:01,1
AGGTSYGKL,SFSGNTGEL,RAKFKQLL,B*08:01:01:01,2
AGGTSYGKL,SLDSSYEQ,KLGGALQAK,A*03:01:01:01,1
AGGTSYGKL,SLGDTYEQ,KLGGALQAK,A*03:01:01:01,1
AGNTGKL,SGRSTGEL,GILGFVFTL,A*02:01:01:01,1
AGNTGKL,SIRSSYEQ,GILGFVFTL,A*02:01:01:01,1
AGNTGKL,SVRSSYEQ,GILGFVFTL,A*02:01:01:01,1
AGSQGNL,SIGLYGY,GILGFVFTL,A*02:01:01:01,1
AGSQGNL,SIRASYEQ,GILGFVFTL,A*02:01:01:01,1
AGSQGNL,SIRSSYEQ,GILEFVFTL,A*02:01:48,1
AGSQGNL,SIRSSYEQ,GILGFVFTL,A*02:01:01:01,4
AGSQGNL,SIRSSYEQ,RAKFKQLL,B*08:01:01:01,1
AGSQGNL,SLGDTEA,GILGFVFTL,A*02:01:01:01,1
AGSQGNL,SLRSSYEQ,GILGFVFTL,A*02:01:01:01,1
AGSQGNL,SSGSYGY,GILGFVFTL,A*02:01:01:01,1
AGSQGNL,SSRASYEQ,GILGFVFTL,A*02:01:48,1
AGSQGNL,SSRSAYEQ,GILGFVFTL,A*02:01:01:01,1
AGSQGNL,SSRSSYEQ,GILGFVFTL,A*02:01:01:01,4
AGSQGNL,SSRSSYEQ,GILGFVFTL,A*02:01:48,1
AGSQGNL,SSRSSYEQ,GILGLVFTL,A*02:266,1
AGSQGNL,STRSSYEQ,GILGFVFTL,A*02:01:01:01,1
AGSQGNL,SVRSSYEQ,GILGFVFTL,A*02:01:01:01,2
AGSQGNL,SYQGEA,GILGFVFTL,A*02:01:01:01,1
AGSSNTGKL,SPGALNTEA,ELAGIGILTV,A*02:01:01:01,1
AHGSSNTGKL,SIRSSYEQ,GILGFVFTL,A*02:01:01:01,1
AHGSSNTGKL,SSRSAYEQ,GILGFVFTL,A*02:01:01:01,1
AHGSSNTGKL,SVRSSYEQ,GILGFVFTL,A*02:01:01:01,1
ALGSSNTGKL,SIRSSYEQ,GILGFVFTL,A*02:01:01:01,1
ALGSSNTGKL,SSRSAYEQ,GILGFVFTL,A*02:01:01:01,1
ANDYKL,SFTGVNTEA,AVFDRKSDAK,A*11:01:01:01,1
ANTDKL,SQDRVSYEQ,KLGGALQAK,A*03:01:01:01,1
ANTNAGKS,SIRSSYEQ,GILGFVFTL,A*02:01:01:01,1
ANTNAGKS,STRSSYEQ,GILGFVFTL,A*02:01:01:01,1
APGSSNTGKL,STRSSYEQ,GILGFVFTL,A*02:01:01:01,1
APNTGNQF,SPGQGPYEQ,LLWNGPMAV,A*02:01:01:01,1
AQGGSEKL,SLAPGGNTEA,KLGGALQAK,A*03:01:01:01,1
AQGGSEKL,SLWGDYEQ,RAKFKQLL,B*08:01:01:01,1
ARGGSQGNL,SIRSSYEQ,GILGFVFTL,A*02:01:01:01,1
ASGGSYIP,RGGEA,GILGFVFTL,A*02:01:01:01,1
ASGSARQL,SAPDSYEQ,KLGGALQAK,A*03:01:01:01,1
ASGSSNTGKL,SIRAAYEQ,GILGFVFTL,A*02:01:01:01,1
ASGSSNTGKL,SIRSSYEQ,GILGFVFTL,A*02:01:01:01,2
ASGSSNTGKL,SSRSAYEQ,GILGFVFTL,A*02:01:01:01,1
ASNTGKL,SLGDNTEA,GILGFVFTL,A*02:01:01:01,1
AYGGSQGNL,SGRSSYEQ,GILGFVFTL,A*02:01:01:01,1
AYGGSQGNL,SGRSTDTQ,GILGFVFTL,A*02:01:01:01,1
AYGGSQGNL,SGRSTGEL,GILGFVFTL,A*02:01:01:01,1
AYGGSQGNL,SLRSTGEL,GILGFVFTL,A*02:01:01:01,1
AYGGSQGNL,STRSTDTQ,GILGFVFTL,A*02:01:01:01,2
AYGGSQGNL,STRSTGEL,GILGFVFTL,A*02:01:01:01,1
AYGGSQGNL,SVYSNQPQ,GILGFVFTL,A*02:01:01:01,1
DAGGTSYGKL,SIGATEA,KLKDCVMYA,A*02:01:01:01,1
DASGGSNYKL,SARSSYEQ,RAKFKQLL,B*08:01:01:01,1
DASGGSNYKL,SFSGNTGEL,RAKFKQLL,B*08:01:01:01,1
DASGGSNYKL,SLGTSGGTGEL,RAKFKQLL,B*08:01:01:01,1
DGNQF,SQAGTSYEQ,LLWNGPMAV,A*02:01:01:01,1
DGQKL,SSAGTSYEQ,LLWNGPMAV,A*02:01:01:01,1
DNAGNML,SPGGTEA,DTDFVNEFY,A*01:01:01:01,1
DNDYKL,SQGQGIYEQ,RMFPNAPYL,A*02:01:01:01,1
DNFGNEKL,SEGTGGTEA,KLGGALQAK,A*03:01:01:01,1
DNFNKF,SSQGGYGY,KVDPIGHVY,A*01:01:01:01,1
DNNAGNML,SLSGLDEQ,RAKFKQLL,B*08:01:01:01,1
DNNDM,SLARGGNQPQ,STNVGSNTY,A*01:01:01:01,1
DNNNDM,RTSGNEQ,KLGGALQAK,A*03:01:01:01,1
DNQGGKL,SLGQGASPL,KLGGALQAK,A*03:01:01:01,1
DNQGGKL,SYSGGYEQ,ALAGIGILTV,A*02:01:01:01,1
DNTDKL,SPPGIYGY,KLGGALQAK,A*03:01:01:01,1
DNTDKL,SSRSSYEQ,GILGFVFTL,A*02:01:01:01,1
DNYGQNF,SEREQ,GILGFVFTL,A*02:01:01:01,2
DNYGQNF,SLGVTDTQ,GILGFVFTL,A*02:01:01:01,1
DNYGQNF,SLTGGTDTQ,GILGFVFTL,A*02:01:01:01,1
DNYGQNF,SPSSSYEQ,KLGGALQAK,A*03:01:01:01,1
DNYGQNF,SQELSYEQ,AVFDRKSDAK,A*11:01:01:01,1
DNYGQNF,SQELSYEQ,KLGGALQAK,A*03:01:01:01,1
DNYGQNF,SQERDYEQ,KLGGALQAK,A*03:01:01:01,1
DQAGTAL,LRADTQ,KLGGALQAK,A*03:01:01:01,1
DQAGTAL,SLDRGVNTEA,KLGGALQAK,A*03:01:01:01,1
DQTGANNL,SIGTGNTEA,AVFDRKSDAK,A*11:01:01:01,1
DQTGANNL,SIGTGNTEA,KLGGALQAK,A*03:01:01:01,1
DQTGANNL,SIGTGNTEA,RLRAEAQVK,A*03:01:01:01,1
DQTGANNL,SLTGTSNQPQ,TTDPSFLGRY,A*01:01:01:01,1
DSGNTPL,GRSGEL,ALAGIGILTV,A*02:01:01:01,1
DSGTYKY,SLAVGGY,KLGGALQAK,A*03:01:01:01,1
DSGTYKY,SPPGANYGY,KLGGALQAK,A*03:01:01:01,1
DSSNTGKL,SPGPSSYNEQ,AVFDRKSDAK,A*11:01:01:01,1
DSSYKL,RGEGSYEQ,VLGSLAATV,A*02:01:01:01,1
DSSYKL,SSDSGNTI,LLSLFSLWL,A*02:01:01:01,1
DTDKL,SSRGPYEQ,KLGGALQAK,A*03:01:01:01,1
DTGGFKT,SPGTSGNEQ,SIIAYTMSL,B*07:02:01:01,1
DYGGSQGNL,SIRSSYEQ,GILGFVFTL,A*02:01:01:01,1
EGGSQGNL,SGRATGEL,GILGFVFTL,A*02:01:01:01,1
EGTYKY,SDSYEQ,KLGGALQAK,A*03:01:01:01,1
ETSYDKV,SEVGTYEQ,KLGGALQAK,A*03:01:01:01,1
EYGNKL,SPTGGYTEA,KLGGALQAK,A*03:01:01:01,1
FSGGYNKL,SFGGAGNTI,KLGGALQAK,A*03:01:01:01,1
FSGGYNKL,SYSGSDTQ,KLGGALQAK,A*03:01:01:01,1
FTGGGNKL,SMGSYGY,GILGFVFTL,A*02:01:01:01,1
FYNQGGKL,TPGGEKL,AVFDRKSDAK,A*11:01:01:01,1
FYNQGGKL,TPGGEKL,KLGGALQAK,A*03:01:01:01,1
GAGGTSYGKL,SLRGTDTQ,CFAYYFMRF,A*24:02:01:01,1
GAGSYQL,SQGQGQPQ,ELAGIGILTV,A*02:01:01:01,1
GDDKI,SGTGAYEQ,LLWNGPMAV,A*02:01:01:01,1
GDDKI,SPGLAYEQ,LLWNGPMAV,A*02:01:01:01,1
GDDKI,SPGTGAYEQ,LLWNGPMAV,A*02:01:01:01,1
GDDKI,SPQGAYGY,LLWNGPMAV,A*02:01:01:01,1
GDDKI,SPRGEKL,KLGGALQAK,A*03:01:01:01,1
GDDKI,SSRTGDTQ,LLWNGPMAV,A*02:01:01:01,1
GDDYKL,SNGDEQ,AVFDRKSDAK,A*11:01:01:01,1
GDGGSQGNL,SLVNTGEL,LSDLQDLKW,A*01:01:01:01,1
GDGGSQGNL,SVRSTDTQ,GILGFVFTL,A*02:01:01:01,1
GDGQKL,SLGTSGYNEQ,AVIKTLQPV,A*02:01:01:01,1
GDNYGQNF,GGETQ,KLGGALQAK,A*03:01:01:01,1
GDTGNQF,SFSGNTGEL,RAKFKQLL,B*08:01:01:01,1
GDTGRRAL,SPGASYEQ,ESITGSLGPLL,B*40:01:01,1
GEYGNKL,SPGRVYGY,GILGFVFTL,A*02:01:01:01,1
GEYGNKL,SVRSSYEQ,GILGFVFTL,A*02:01:01:01,1
GGAQKL,SVRSTGEL,GILGFVFTL,A*02:01:01:01,1
GGGADGL,SDSNTGEL,KLGGALQAK,A*03:01:01:01,1
GGGADGL,SFLTDTQ,RLARLALVL,A*02:01:01:01,1
GGGADGL,SFSGGSYEQ,KLGGALQAK,A*03:01:01:01,1
GGGADGL,SLAGTAGEL,ELAGIGILTV,A*02:01:01:01,1
GGGADGL,SLTRTDTQ,AVFDRKSDAK,A*11:01:01:01,1
GGGADGL,SLTRTDTQ,IVTDFSVIK,A*11:01:01:01,1
GGGADGL,SLTRTDTQ,KLGGALQAK,A*03:01:01:01,1
GGGADGL,SYLAGGNEQ,ALAGIGILTV,A*02:01:01:01,1
GGGGADGL,SIGGSSYNEQ,KLGGALQAK,A*03:01:01:01,1
GGGSYIP,SEGDTEA,KLVALGINAV,A*02:01:01:01,1
GGNQF,SGDIQ,KLGGALQAK,A*03:01:01:01,1
GGSNYKL,SLDRYNEQ,KLGGALQAK,A*03:01:01:01,1
GGSQGNL,GGAGSYEQ,GILGFVFTL,A*02:01:01:01,1
GGSQGNL,GQGPYEQ,RAKFKQLL,B*08:01:01:01,1
GGSQGNL,SARSTGEL,GILGFVFTL,A*02:01:01:01,1
GGSQGNL,SFSGNTGEL,GILGFVFTL,A*02:01:01:01,1
GGSQGNL,SFSGNTGEL,RAKFKQLL,B*08:01:01:01,2
GGSQGNL,SIGSYGY,GILGFVFTL,A*02:01:01:01,1
GGSQGNL,SIRAAYEQ,GILGFVFTL,A*02:01:01:01,1
GGSQGNL,SIRASYEQ,GILGFVFTL,A*02:01:01:01,1
GGSQGNL,SIRSSYEQ,AVFDRKSDAK,A*11:01:01:01,1
GGSQGNL,SIRSSYEQ,GILGFVFTL,A*02:01:01:01,19
GGSQGNL,SIRSSYEQ,RAKFKQLL,B*08:01:01:01,1
GGSQGNL,SLALNQPQ,KLGGALQAK,A*03:01:01:01,1
GGSQGNL,SLDGNEQ,ELAGIGILTV,A*02:01:01:01,1
GGSQGNL,SLDTQ,RAKFKQLL,B*08:01:01:01,1
GGSQGNL,SLGGGNNEQ,KLGGALQAK,A*03:01:01:01,1
GGSQGNL,SLGNEKL,KTWGQYWQV,A*02:01:01:01,1
GGSQGNL,SLGTANTGEL,KLGGALQAK,A*03:01:01:01,1
GGSQGNL,SLGTANYGY,GILGFVFTL,A*02:01:01:01,1
GGSQGNL,SLLNTGEL,KLGGALQAK,A*03:01:01:01,1
GGSQGNL,SLQGANEKL,GILGFVFTL,A*02:01:01:01,1
GGSQGNL,SPGDYEQ,GILGFVFTL,A*02:01:01:01,1
GGSQGNL,SPGDYEQ,KLGGALQAK,A*03:01:01:01,1
GGSQGNL,SSRSAYEQ,GILGFVFTL,A*02:01:01:01,2
GGSQGNL,SSRSSYEQ,GILGFVFTL,A*02:01:01:01,2
GGSQGNL,STRSSYEQ,GILGFVFTL,A*02:01:01:01,3
GGSQGNL,STRSTDTQ,GILGFVFTL,A*02:01:01:01,1
GGSQGNL,SVGNEQ,GLCTLVAML,A*02:01:01:01,1
GGSQGNL,SVRSSYEQ,GILGFVFTL,A*02:01:01:01,10
GGSQGNL,SYSYEQ,GILGFVFTL,A*02:01:01:01,1
GGSQGNL,TLGNTEA,GILGFVFTL,A*02:01:01:01,1
GGSSNTGKL,SIRSSYEQ,GILGFVFTL,A*02:01:01:01,1
GGSSNTGKL,SLLLAGYNEQ,NLVPMVATV,A*02:01:01:01,1
GGSSNTGKL,SSAAAYEQ,RAKFKQLL,B*08:01:01:01,1
GGSYIP,SSTDTQ,ELAGIGILTV,A*02:01:01:01,1
GGTSYGKL,SPMNTEA,KLGGALQAK,A*03:01:01:01,1
GGYNKL,SETGSNQPQ,KLGGALQAK,A*03:01:01:01,1
GIIQGAQKL,SPGQGSYGY,KLGGALQAK,A*03:01:01:01,1
GNNDM,SPRPGGYEQ,KLGGALQAK,A*03:01:01:01,1
GNQF,SLEGYEQ,KLGGALQAK,A*03:01:01:01,1
GPGGGADGL,SLGYGY,KLGGALQAK,A*03:01:01:01,1
GSSNTGKL,SPRDTQ,KLGGALQAK,A*03:01:01:01,1
GTGTASKL,SRTGEL,KLGGALQAK,A*03:01:01:01,1
GYNNNDM,SLGEPQ,YPDKVFRSSV,B*07:02:01:01,1
GYNQGGKL,SRANTEA,KLGGALQAK,A*03:01:01:01,1
GYNTDKL,SLQGNTGEL,KLGGALQAK,A*03:01:01:01,1
GYSSASKI,SPSLSYEQ,RAKFKQLL,B*08:01:01:01,1
HDYKL,SSTGAGEL,GILGFVFTL,A*02:01:01:01,1
HTGNQF,SARSSYEQ,GILGFVFTL,A*02:01:01:01,1
HTGNQF,SFSGNTGEL,IVTDFSVIK,A*11:01:01:01,1
HTGNQF,SFSGNTGEL,RAKFKQLL,B*08:01:01:01,1
HTGNQF,SGTSGGYEQ,IVTDFSVIK,A*11:01:01:01,1
HTGNQF,SIRSSYEQ,GILGFVFTL,A*02:01:01:01,1
HTGNQF,SLDTQ,IVTDFSVIK,A*11:01:01:01,1
HTGNQF,SRTGTSYEQ,IVTDFSVIK,A*11:01:01:01,1
HTGNQF,SSGLAGGNEQ,GILGFVFTL,A*02:01:01:01,1
HTGNQF,SSRSGYEQ,IVTDFSVIK,A*11:01:01:01,1
IGGSNYKL,GYSNQPQ,KLGGALQAK,A*03:01:01:01,1
INAGNML,SPGSNQPQ,VMATRRNVL,E*01:03:01:01,1
INNAGNML,SLGSPL,VTDAAHLLI,A*01:01:01:01,1
INNDM,SLGQGSYGY,GILGFVFTL,A*02:01:01:01,1
INTGTASKL,SWDRAYEQ,KLGGALQAK,A*03:01:01:01,1
ISGGGADGL,SIGVYGY,GILGFVFTL,A*02:01:01:01,1
ISGGGADGL,SWTSYEQ,KLGGALQAK,A*03:01:01:01,1
ISGGYNKL,SLRRNEQ,AVFDRKSDAK,A*11:01:01:01,1
ISGTYKY,SYGGNQPQ,KLGGALQAK,A*03:01:01:01,1
IYNQGGKL,SVAGGSYNEQ,KLGGALQAK,A*03:01:01:01,1
KGGKL,SSQGFEQ,AVFDRKSDAK,A*11:01:01:01,1
KGSSNTGKL,SIRSSYEQ,GILGFVFTL,A*02:01:01:01,1
KNTGNQF,SIRSSYEQ,GILGFVFTL,A*02:01:01:01,1
KTSYDKV,SAGDEQ,KTFPPTEPK,A*03:01:01:01,1
KTSYDKV,SGGTGGQPQ,KLGGALQAK,A*03:01:01:01,1
KTSYDKV,SIAGNTEA,KLGGALQAK,A*03:01:01:01,1
KTSYDKV,SIGGNTEA,AVFDRKSDAK,A*11:01:01:01,1
KTSYDKV,SIGGNTEA,KLGGALQAK,A*03:01:01:01,1
KTSYDKV,SLAGNTEA,KLGGALQAK,A*03:01:01:01,1
KTSYDKV,SPGDTQ,SPRWYFYYL,B*07:02:01:01,1
KTSYDKV,SWSNQPQ,KLGGALQAK,A*03:01:01:01,1
LDSSYKL,SDSSTDTQ,AVFDRKSDAK,A*11:01:01:01,1
LDSSYKL,SQDRGGQETQ,AVFDRKSDAK,A*11:01:01:01,1
LGGSQGNL,SNGGGNTEA,KLGGALQAK,A*03:01:01:01,1
LGNQF,SLGAGTYEQ,LTDEMIAQY,A*01:01:01:01,1
LISNFGNEKL,STTGSGNTI,LLAGIGTVPI,A*02:01:01:01,1
LIYNQGGKL,SLAANYGY,KLGGALQAK,A*03:01:01:01,1
LNAGGTSYGKL,SLSSNQPQ,KLGGALQAK,A*03:01:01:01,1
LNDYKL,RDRSSYNEQ,SPRWYFYYL,B*07:02:01:01,1
LNDYKL,RPDSYNEQ,KLGGALQAK,A*03:01:01:01,1
LNDYKL,TGADTQ,YLQPRTFLL,A*02:01:01:01,1
LNTGNQF,SLAGNEQ,TTDPSFLGRY,A*01:01:01:01,1
LNYGGSQGNL,SATSGSTDTQ,KLGGALQAK,A*03:01:01:01,1
LNYGGSQGNL,TGTGNEKL,KLGGALQAK,A*03:01:01:01,1
LQGAQKL,SSDFYEQ,KLGGALQAK,A*03:01:01:01,1
LSGTYKY,SLDSSYEQ,TTDPSFLGRY,A*01:01:01:01,1
LTGANSKL,SWGSSYEQ,KLGGALQAK,A*03:01:01:01,1
LTGGGNKL,SRTGGEQ,GILGFVFTL,A*02:01:01:01,1
LTGNQF,SLGGGPYNEQ,KLGGALQAK,A*03:01:01:01,1
LTNAGKS,RLNTEA,KLGGALQAK,A*03:01:01:01,1
LYSGGGADGL,SLLGGDYEQ,KLGGALQAK,A*03:01:01:01,1
LYSSASKI,SIRSSYEQ,GILGFVFTL,A*02:01:01:01,1
MDSSYKL,SDRDTGEL,KLGGALQAK,A*03:01:01:01,1
MDSSYKL,SEGDTDTQ,KLGGALQAK,A*03:01:01:01,1
MDSSYKL,SELAGGQETQ,KLGGALQAK,A*03:01:01:01,1
MDSSYKL,SGQEQETQ,AVFDRKSDAK,A*11:01:01:01,1
MDSSYKL,SGQEQETQ,KLGGALQAK,A*03:01:01:01,1
MDSSYKL,SGTSGSTDTQ,GILGFVFTL,A*02:01:01:01,1
MDSSYKL,SGTSGSTDTQ,NQKLIANQF,B*15:01:01:01,1
MDSSYKL,SIRSSYEQ,GILGFVFTL,A*02:01:01:01,1
MDSSYKL,SVGVTDTQ,KLGGALQAK,A*03:01:01:01,1
MEYGNKL,SFRGPNEKL,TTDPSFLGRY,A*01:01:01:01,1
MEYGNKL,SIRSTDTQ,GILGFVFTL,A*02:01:01:01,1
MEYGNKL,SPAGLAYEQ,KLGGALQAK,A*03:01:01:01,1
MEYGNKL,SVGPSTDTQ,KLGGALQAK,A*03:01:01:01,1
MEYGNKL,SWTGGYEQ,GILGFVFTL,A*02:01:01:01,1
MNTGFQKL,SSGGRTGEL,KLGGALQAK,A*03:01:01:01,1
MNYGGSQGNL,SDSYTEA,YLLPGWKL,A*02:01:01:01,1
MNYGGSQGNL,SRTRGETQ,VPYFNMVYM,B*07:02:01:01,1
NAGGTSYGKL,SGGTGSTDTQ,KLGGALQAK,A*03:01:01:01,1
NAGGTSYGKL,SIRSSYEQ,GILGFVFTL,A*02:01:01:01,2
NAGKS,SPGTVAYEQ,LLWNGPMAV,A*02:01:01:01,1
NAGKS,SYRGQPQ,LTDEMIAQY,A*01:01:01:01,1
NAGNML,RETYNEQ,KLGGALQAK,A*03:01:01:01,1
NAGNML,SEQGGGY,AVFDRKSDAK,A*11:01:01:01,1
NAGNML,SLGGGTEA,ELAGIGILTV,A*02:01:01:01,1
NAGNML,SPQGAYEQ,KLGGALQAK,A*03:01:01:01,1
NDM,SPGPGNEQ,ELAGIGILTV,A*02:01:01:01,1
NDM,SQETQ,KLVALGINAV,A*02:01:01:01,1
NDYKL,SGGGAYEQ,LLWNGPMAV,A*02:01:01:01,1
NDYKL,SLQGATEA,KLGGALQAK,A*03:01:01:01,1
NDYKL,SLTGGGYEQ,LLFNKVTLA,A*02:01:01:01,1
NDYKL,SPGSDNEQ,ALWEIQQVV,A*02:01:01:01,1
NFGNEKL,SFGGPYEQ,ALGIGILTV,A*02:01:01:01,1
NGGATNKL,SQGQGNTEA,KLGGALQAK,A*03:01:01:01,1
NGGGGADGL,SLGSATNEKL,RAKFKQLL,B*08:01:01:01,1
NGGYNKL,RRLAGNTGEL,KLGGALQAK,A*03:01:01:01,1
NGNQF,SRSGTGSYEQ,AVFDRKSDAK,A*11:01:01:01,1
NGNQF,SRSGTGSYEQ,KLGGALQAK,A*03:01:01:01,1
NGSNDYKL,SFTGGSYEQ,KLGGALQAK,A*03:01:01:01,1
NNAGNML,RGGGDEQ,KLGGALQAK,A*03:01:01:01,1
NNAGNML,SLPGPYGY,KLGGALQAK,A*03:01:01:01,1
NNAGNML,SLVGEL,VAANIVLTV,A*02:01:01:01,1
NNAGNML,SPPSSYEQ,KLGGALQAK,A*03:01:01:01,1
NNARL,SIAGNTEA,GILGFVFTL,A*02:01:01:01,1
NNARL,SLKGNTEA,LLWNGPMAV,A*02:01:01:01,1
NNARL,SLKLNTEA,LLWNGPMAV,A*02:01:01:01,1
NNARL,SQGGGGTDTQ,SLFNTVATL,A*02:01:01:01,1
NNARL,TLSYEQ,KLGGALQAK,A*03:01:01:01,1
NNDM,RGRSYNEQ,KLGGALQAK,A*03:01:01:01,1
NNDM,SLGGYGY,KLGGALQAK,A*03:01:01:01,1
NNNAGNML,SLLNTEA,KLGGALQAK,A*03:01:01:01,1
NNNARL,RDPTDTQ,KLGGALQAK,A*03:01:01:01,1
NNNARL,SLSGYNEQ,KLGGALQAK,A*03:01:01:01,1
NQAGTAL,SKGTEA,KLGGALQAK,A*03:01:01:01,1
NQAGTAL,SPRGQSYEQ,GILGFVFTL,A*02:01:01:01,1
NQAGTAL,STGTGYGY,KLGGALQAK,A*03:01:01:01,1
NQAGTAL,STGTTYEQ,VMATRRNVL,E*01:03:01:01,1
NQAGTAL,STNTEA,KLGGALQAK,A*03:01:01:01,1
NQAGTAL,STRSSYEQ,GILGFVFTL,A*02:01:01:01,1
NQGGKL,GDSGNTI,ELAGIGILTV,A*02:01:01:01,1
NQGGKL,RDRSSYEQ,YLQPRTFLL,A*02:01:01:01,1
NQGGKL,SLRDSSYEQ,LLWNGPMAV,A*02:01:01:01,1
NRDDKI,SLQSSYNEQ,GILGFVFTL,A*02:01:01:01,1
NRDDKI,SLTGAEA,KLGGALQAK,A*03:01:01:01,1
NSGGGADGL,SDSSGANVL,GILGFVFTL,A*02:01:01:01,1
NSGGGADGL,SPGGNTEA,VMTTVLATL,E*01:03:01:01,1
NSGGSNYKL,SLDRGADTQ,KLGGALQAK,A*03:01:01:01,1
NSGGSNYKL,SVTGPYGY,KLGGALQAK,A*03:01:01:01,1
NSGGYQKV,SFENTGEL,TTDPSFLGRY,A*01:01:01:01,1
NSGGYQKV,SFSGDTEA,GILGFVFTL,A*02:01:01:01,1
NSGGYQKV,SHGQGYEQ,KLGGALQAK,A*03:01:01:01,1
NSGGYQKV,SLENTGEL,TTDPSFLGRY,A*01:01:01:01,1
NSGGYQKV,SLSTEA,KLGGALQAK,A*03:01:01:01,1
NSGNTPL,SLGQAYEQ,QAKWRLQTL,B*08:01:01:01,1
NSGTYKY,RDPTDTQ,KLGGALQAK,A*03:01:01:01,1
NSGTYKY,RGPVETQ,AVFDRKSDAK,A*11:01:01:01,1
NSGTYKY,RGPVETQ,IVTDFSVIK,A*11:01:01:01,1
NSGTYKY,RGPVETQ,KLGGALQAK,A*03:01:01:01,1
NSGYAL,SLWTGNTEA,GILGFVFTL,A*02:01:01:01,1
NSGYAL,SPNYNEQ,KLGGALQAK,A*03:01:01:01,1
NSGYSTL,SIRSSYEQ,GILGFVFTL,A*02:01:01:01,1
NSGYSTL,SLSGGGETQ,KLGGALQAK,A*03:01:01:01,1
NSGYSTL,SPPRQETQ,HLKRNIVV,B*08:01:01:01,1
NTDKL,SLAGTEA,SPRWYFYYL,B*07:02:01:01,1
NTDKL,SPGNNEQ,KTWGQYWQV,A*02:01:01:01,1
NTGFQKL,SEMNTEA,KLGGALQAK,A*03:01:01:01,1
NTGFQKL,SLSGNEQ,ELAGIGILTV,A*02:01:01:01,1
NTGFQKL,SLYGGYEQ,YLQPRTFLL,A*02:01:01:01,1
NTGGFKT,SEGDTQ,KLGGALQAK,A*03:01:01:01,1
NTGGFKT,SQQGNTEA,NLIFKWIL,B*08:01:01:01,1
NTGGFKT,SYSTGYEQ,ELAGIGILTV,A*02:01:01:01,1
NTGNQF,SFAVNTEA,LTDEMIAQY,A*01:01:01:01,1
NTGNQF,SLAVNTEA,LTDEMIAQY,A*01:01:01:01,1
NTGNQF,SLGGARNTEA,KLGGALQAK,A*03:01:01:01,1
NTGNQF,SLTRAGNTI,KLGGALQAK,A*03:01:01:01,1
NTGNQF,SPGYEQ,LLFNILGGWV,A*02:01:01:01,1
NTGTASKL,SGQGSETQ,KLGGALQAK,A*03:01:01:01,1
NTNAGKS,SSTDTQ,KLGGALQAK,A*03:01:01:01,1
NTNAGKS,SWGSMNTEA,VIVMLTPLV,A*02:01:01:01,1
NTPL,SLGLGQPQ,ELAGIGILTV,A*02:01:01:01,1
NYGGSQGNL,SARSTGEL,GILGFVFTL,A*02:01:01:01,1
NYGGSQGNL,SFRSTDTQ,GILGFVFTL,A*02:01:01:01,1
NYGGSQGNL,SFRSTGEL,GILGFVFTL,A*02:01:01:01,1
NYGGSQGNL,SGRSTDTQ,GILGFVFTL,A*02:01:01:01,1
NYGGSQGNL,SGRSTGEL,GILGFVFTL,A*02:01:01:01,2
NYGGSQGNL,SIRGSYEQ,GILGFVFTL,A*02:01:01:01,1
NYGGSQGNL,SIRSSYEQ,GILGFVFTL,A*02:01:01:01,6
NYGGSQGNL,SIRSTDTQ,GILGFVFTL,A*02:01:01:01,2
NYGGSQGNL,SKRSTDTQ,GILGFVFTL,A*02:01:01:01,1
NYGGSQGNL,SLRSSYEQ,GILGFVFTL,A*02:01:01:01,2
NYGGSQGNL,SLRSTDTQ,GILGFVFTL,A*02:01:01:01,1
NYGGSQGNL,SLRSTGEL,GILGFVFTL,A*02:01:01:01,1
NYGGSQGNL,SPRSTDTQ,GILGFVFTL,A*02:01:01:01,1
NYGGSQGNL,SQGQGGEQ,AVFDRKSDAK,A*11:01:01:01,1
NYGGSQGNL,SQGQGGEQ,KLGGALQAK,A*03:01:01:01,1
NYGGSQGNL,SQRSTDTQ,GILGFVFTL,A*02:01:01:01,1
NYGGSQGNL,SRRSTDTQ,GILGFVFTL,A*02:01:01:01,1
NYGGSQGNL,SSRASYEQ,GILGFVFTL,A*02:01:01:01,1
NYGGSQGNL,SSRSTDTQ,GILGFVFTL,A*02:01:01:01,2
NYGGSQGNL,SSRSTGEL,GILGFVFTL,A*02:01:01:01,1
NYGGSQGNL,STRSSYEQ,GILGFVFTL,A*02:01:01:01,1
NYGGSQGNL,STRSTDTQ,GILGFVFTL,A*02:01:01:01,3
NYGGSQGNL,STRSTGEL,GILGFVFTL,A*02:01:01:01,1
NYGGSQGNL,SVRSSYEQ,GILGFVFTL,A*02:01:01:01,1
NYGGSQGNL,SVRSTDTQ,GILGFVFTL,A*02:01:01:01,3
NYGGSQGNL,SVRSTGEL,GILGFVFTL,A*02:01:01:01,1
NYGQNF,SPTYNEQ,KLGGALQAK,A*03:01:01:01,1
PAGGTSYGKL,SPGSGNTI,ELAGIGILTV,A*02:01:01:01,1
PDRGSTLGRL,SLGYNEQ,KLGGALQAK,A*03:01:01:01,1
PGANNL,SLLPYNEQ,GLALYYPSA,A*02:01:01:01,1
PGGGADGL,NRGDGY,KLVALGINAV,A*02:01:01:01,1
PGSQGNL,SIRASYEQ,GILGFVFTL,A*02:01:01:01,1
PGSQGNL,SIRSSYEQ,GILGFVFTL,A*02:01:01:01,1
PGSQGNL,SLRASYEQ,GILGFVFTL,A*02:01:01:01,1
PGSQGNL,SSRSSYEQ,GILGFVFTL,A*02:01:01:01,1
PGSQGNL,STRSSYEQ,GILGFVFTL,A*02:01:01:01,2
PGSQGNL,SVRSSYEQ,GILGFVFTL,A*02:01:01:01,2
PGSSNTGKL,SIRSSYEQ,GILGFVFTL,A*02:01:01:01,1
PGTYKY,SILAGADTQ,GILGFVFTL,A*02:01:01:01,1
PHGSSNTGKL,SLGGVQPQ,KLGGALQAK,A*03:01:01:01,1
PLTGGGNKL,SIRSSYEQ,GILGFVFTL,A*02:01:01:01,1
PLTGGGNKL,SLSSGTYEQ,GLCTLVAML,A*02:01:01:01,1
PLTGGGNKL,STRSSYEQ,GLCTLVAML,A*02:01:01:01,1
PMEYGNKL,SSGGTYGY,KLGGALQAK,A*03:01:01:01,1
PNDM,SQAGAYEQ,LLWNGPMAV,A*02:01:01:01,1
PNDYKL,SLRGSSYNEQ,KLGGALQAK,A*03:01:01:01,1
PNFGNEKL,GLGSSYEQ,TTDPSFLGRY,A*01:01:01:01,1
PNFGNEKL,SLGPGQPQ,ALAGIGILTV,A*02:01:01:01,1
PNFGNEKL,SPLGTYEQ,TTDPSFLGRY,A*01:01:01:01,1
PNQAGTAL,SLGYEQ,KLGGALQAK,A*03:01:01:01,1
PNQAGTAL,SPESSYNEQ,KLGGALQAK,A*03:01:01:01,1
PNQGGKL,SLSSGNEQ,KLGGALQAK,A*03:01:01:01,1
PNTGNQF,SLGRNYEQ,KLGGALQAK,A*03:01:01:01,1
PNYGGSQGNL,SYLNSPL,KTFPPTEPK,A*03:01:01:01,1
PPGSSNTGKL,SIRSSYEQ,GILGFVFTL,A*02:01:01:01,1
PQAGTAL,SPGALNTEA,ELAGIGILTV,A*02:01:01:01,1
PQGGSEKL,RQGGTDTQ,KLGGALQAK,A*03:01:01:01,1
PRGSQGNL,SLTGGGGY,KLGGALQAK,A*03:01:01:01,1
PSGGSYIP,SVLAGSSYNEQ,KLGGALQAK,A*03:01:01:01,1
PSGGYNKL,RENTGEL,RLRAEAQVK,A*03:01:01:01,1
PSGGYNKL,SGTSGGYEQ,GILGFVFTL,A*02:01:01:01,1
PSGGYQKV,SLPGNQPQ,KLGGALQAK,A*03:01:01:01,1
PSGGYQKV,SLPGNQPQ,RLRAEAQVK,A*03:01:01:01,1
PSGNTPL,SFGGQPQ,GILGFVFTL,A*02:01:01:01,1
PSGNTPL,SLGRGVETQ,LLAGIGTVPI,A*02:01:01:01,1
PSGTYKY,SHRGTNYGY,FLNGSCGSV,A*02:01:01:01,1
PSGYSTL,SFLRGSNQPQ,YVLDHLIVV,A*02:01:01:01,1
PSSNTGKL,SLDRYNEQ,KLGGALQAK,A*03:01:01:01,1
PTGGGNKL,SLRQAYNEQ,KLGGALQAK,A*03:01:01:01,1
PTGGGNKL,SRGTATNEKL,LLFLVLIML,A*02:01:01:01,1
PTGGGNKL,STGTATNEKL,KLGGALQAK,A*03:01:01:01,1
PTGNQF,TVSSYNEQ,YHGAIKLDD,A*02:01:01:01,1
PTNAGKS,SGISTDTQ,GILGFVFTL,A*02:01:01:01,1
PYNQGGKL,STLAGGQETQ,GILGFVFTL,A*02:01:01:01,1
QAGSSNTGKL,SYGAAYEQ,KLGGALQAK,A*03:01:01:01,1
QAGTAL,SSRGAKNIQ,KLGGALQAK,A*03:01:01:01,1
QGAQKL,SGDGMNTEA,YVLDHLIVV,A*02:01:01:01,1
QGAQKL,STRDRGSYEQ,KLGGALQAK,A*03:01:01:01,1
QGGSEKL,SVEGNEQ,KLGGALQAK,A*03:01:01:01,1
QGSQGNL,SFRSSYEQ,GILGFVFTL,A*02:01:01:01,1
QGSQGNL,SIRSSYEQ,GILGFVFTL,A*02:01:01:01,2
QGSQGNL,SSRSSYEQ,GILGFVFTL,A*02:01:01:01,1
QNTGNQF,SIGLAGYNEQ,KLGGALQAK,A*03:01:01:01,1
QNYGGSQGNL,RDTNTGEL,KLGGALQAK,A*03:01:01:01,1
QNYGGSQGNL,SRTGNQPQ,GILGFVFTL,A*02:01:01:01,1
RAGNQF,SPGRNTGEL,KLGGALQAK,A*03:01:01:01,1
RANDYKL,SLGEKL,VLFGLGFAI,A*02:01:01:01,1
RANDYKL,SLNGQETQ,GILGFVFTL,A*02:01:01:01,1
RANDYKL,SQGSEA,GILGFVFTL,A*02:01:01:01,1
RDDKI,SPGTPYEQ,AVFDRKSDAK,A*11:01:01:01,1
RDGQKL,SDGYEQ,EAKQKGFVPF,B*08:01:01:01,1
RDNNARL,SSGQGNSPL,KLGGALQAK,A*03:01:01:01,1
RDNQGGKL,RGNEQ,GILGFVFTL,A*02:01:01:01,1
RDNTDKL,SLREQ,KLGGALQAK,A*03:01:01:01,1
RDNYGQNF,SLGGTEA,KLGGALQAK,A*03:01:01:01,1
RDNYGQNF,SSSDTQ,KLGGALQAK,A*03:01:01:01,1
RDNYGQNF,SVLAGDNEQ,KLGGALQAK,A*03:01:01:01,1
RDSSYKL,SGQGNQPQ,GILGFVFTL,A*02:01:01:01,1
RDSSYKL,SLVGNEQ,SPRWYFYYL,B*07:02:01:01,1
RDTGGFKT,SPSSYNEQ,LLQEYNWEL,A*02:01:01:01,1
RDTGRRAL,SLGDNTEA,KLGGALQAK,A*03:01:01:01,1
RDTGTASKL,SEGQGHTEA,KLGGALQAK,A*03:01:01:01,1
RDYGGSQGNL,SLGTANYGY,KLGGALQAK,A*03:01:01:01,1
REGAGGTSYGKL,STGHYGY,KLGGALQAK,A*03:01:01:01,1
REYGNKL,SWTSGSYEQ,KLGGALQAK,A*03:01:01:01,1
RGGADGL,SLAEYNEQ,YLLEMLWRL,A*02:01:01:01,1
RGGADGL,SLALAGPYEQ,ELAGIGILTV,A*02:01:01:01,1
RGGATNKL,SGANTGEL,KLGGALQAK,A*03:01:01:01,1
RGNTPL,SLGGSNQPQ,KLGGALQAK,A*03:01:01:01,1
RGSQGNL,SQGAYGY,GILGFVFTL,A*02:01:01:01,1
RGSYIP,REGVNTEA,QMMVKAGL,B*08:01:01:01,1
RMDSSYKL,SSWDTGEL,RYPLTFGWCF,A*24:02:84,1
RMDSSYKL,SSWDTGEL,RYPLTLGWCF,A*24:02:84,1
RNNNARL,GAGTEA,AVFDRKSDAK,A*11:01:01:01,1
RNNNARL,RSAEA,YLQPRTFLL,A*02:01:01:01,1
RNNNARL,SPGGGSEA,AVFDRKSDAK,A*11:01:01:01,1
RNNNDM,SITSTDTQ,GILGFVFTL,A*02:01:01:01,1
RNNNDM,SYGQGTGEL,GILGFVFTL,A*02:01:01:01,1
RNTDKL,SLGRGLNTEA,KLGGALQAK,A*03:01:01:01,1
RNYGGSQGNL,SIQGNQPQ,GILGFVFTL,A*02:01:01:01,1
RPNDYKL,SYQGDTQ,KLGGALQAK,A*03:01:01:01,1
RQAGTAL,SLGLAGTDTQ,KLGGALQAK,A*03:01:01:01,1
RSGGSNYKL,SLVLNTEA,KLGGALQAK,A*03:01:01:01,1
RSGGSYIP,SQGTADTQ,KLGGALQAK,A*03:01:01:01,1
RSGGSYIP,SRTGGTDTQ,KLGGALQAK,A*03:01:01:01,1
RSGGYNKL,RDYNEQ,KLGGALQAK,A*03:01:01:01,1
RSGTYKY,SPPGAQETQ,KLGGALQAK,A*03:01:01:01,1
RSNDYKL,SLLENTEA,KLGGALQAK,A*03:01:01:01,1
RSSGSARQL,SGRQGNTEA,KLGGALQAK,A*03:01:01:01,1
RSSGSARQL,SLEPSYEQ,AVFDRKSDAK,A*11:01:01:01,1
RSSGSARQL,SLEPSYEQ,IVTDFSVIK,A*11:01:01:01,1
RSSGSARQL,SLEPSYEQ,KLGGALQAK,A*03:01:01:01,1
RSSGSARQL,SLEPSYEQ,RLRAEAQVK,A*03:01:01:01,1
RSSGSARQL,SLGTESYEQ,KLGGALQAK,A*03:01:01:01,1
RSYNTDKL,STGAYGY,GILGFVFTL,A*02:01:01:01,1
RTGANNL,STGLYEQ,KLGGALQAK,A*03:01:01:01,1
RTSYDKV,SEGYGY,KTFPPTEPK,A*03:01:01:01,1
RTSYDKV,SPGTSPL,NLAQDLATV,A*02:01:01:01,1
RVSGGYNKL,SLETVNTEA,NLVPMVATV,A*02:01:01:01,1
RVTGGGNKL,SQDPGDEQ,AVFDRKSDAK,A*11:01:01:01,1
RVTGGGNKL,SQDPGDEQ,GILGFVFTL,A*02:01:01:01,1
RVTGGGNKL,SQDPGDEQ,KLGGALQAK,A*03:01:01:01,1
RYGNKL,SLGGGDYEQ,FLRGRAYGL,B*08:01:01:01,1
RYNNNDM,SDTYGY,KLGGALQAK,A*03:01:01:01,1
RYSGAGSYQL,SLGLGSSYEQ,KLGGALQAK,A*03:01:01:01,1
RYSGAGSYQL,SLGRNTEA,KLGGALQAK,A*03:01:01:01,1
RYSGAGSYQL,SLSGSSYNEQ,KLGGALQAK,A*03:01:01:01,1
SAGGTSYGKL,SLGTGPEA,ELAGIGILTV,A*02:01:01:01,1
SANDYKL,SSIEKL,KLGGALQAK,A*03:01:01:01,1
SANQAGTAL,SLGHTGEL,KLGGALQAK,A*03:01:01:01,1
SANQGGKL,SSGPNYEQ,KLGGALQAK,A*03:01:01:01,1
SAQGGSEKL,SLGGGDYEQ,FLRGRAYGL,B*08:01:01:01,1
SASGTYKY,SARSSYEQ,GILGFVFTL,A*02:01:01:01,1
SASKI,SPGTSGAYEQ,LLWNGPMAV,A*02:01:01:01,1
SASKI,STGTVSYEQ,LLWNGPMAV,A*02:01:01:01,1
SASKI,SYSGGGNQPQ,LLWNGPMAV,A*02:01:01:01,1
SATSGTYKY,SLEPSYEQ,AVFDRKSDAK,A*11:01:01:01,1
SATSGTYKY,SLLGNEQ,KLGGALQAK,A*03:01:01:01,1
SDAGNML,RGPVETQ,KLGGALQAK,A*03:01:01:01,1
SDDKI,SGGQGAYEQ,LLWNGPMAV,A*02:01:01:01,1
SDTGRRAL,SSGGSYNEQ,KLGGALQAK,A*03:01:01:01,1
SDYKL,SALAGGYNEQ,KLGGALQAK,A*03:01:01:01,1
SDYKL,SFSGNTGEL,RAKFKQLL,B*08:01:01:01,1
SEAGSGGSNYKL,SGKYSNQPQ,KLGGALQAK,A*03:01:01:01,1
SEAGTYKY,SIGNTEA,KLGGALQAK,A*03:01:01:01,1
SEANNAGNML,SFSGNTGEL,RAKFKQLL,B*08:01:01:01,1
SEASGGSNYKL,SQDRVTDTQ,KLGGALQAK,A*03:01:01:01,1
SEASGNTPL,SGLAGVTDTQ,LLDFVRFMGV,A*02:01:01:01,1
SEASGTYKY,SVSGLNTEA,KLGGALQAK,A*03:01:01:01,1
SEATSGTYKY,SRGQLYEQ,GILGFVFTL,A*02:01:01:01,1
SEGAAGNKL,SYRDGTDTQ,TTDPSFLGRY,A*01:01:01:01,1
SEHGSSNTGKL,SWRGNQPQ,GILGFVFTL,A*02:01:01:01,1
SESGGGADGL,SLGYEQ,KLGGALQAK,A*03:01:01:01,1
SESGGGADGL,SPSSYEQ,AVFDRKSDAK,A*11:01:01:01,1
SESGGGADGL,SPSSYEQ,KLGGALQAK,A*03:01:01:01,1
SEYNFNKF,SLGGYGY,KLGGALQAK,A*03:01:01:01,1
SEYSGGGADGL,SILAGSYNEQ,GILGFVFTL,A*02:01:01:01,1
SGAGSYQL,SPTGPEA,KLGGALQAK,A*03:01:01:01,1
SGAGSYQL,SQVGTEA,ELYHYQECV,A*02:01:01:01,1
SGAGSYQL,SSSNTGEL,AVFDRKSDAK,A*11:01:01:01,1
SGDDKI,RDRGTDTQ,LLFNILGGWV,A*02:01:01:01,1
SGDDKI,SLTGGSYGY,YLQPRTFLL,A*02:01:01:01,1
SGGADGL,SLGGNEQ,ELAGIGILTV,A*02:01:01:01,1
SGGADGL,SQGGSPL,ELAGIGILTV,A*02:01:01:01,1
SGGFKT,SFGADQPQ,KLGGALQAK,A*03:01:01:01,1
SGGGADGL,GQGPYEQ,RAKFKQLL,B*08:01:01:01,1
SGGGADGL,KGTDTQ,KLGGALQAK,A*03:01:01:01,1
SGGGADGL,SERDRGYEQ,LLFGYPVYV,A*02:01:01:01,1
SGGGADGL,SFSGNTGEL,RAKFKQLL,B*08:01:01:01,1
SGGGADGL,SGRTGSSYEQ,GILGFVFTL,A*02:01:01:01,1
SGGGADGL,SIRSSYEQ,GILGFVFTL,A*02:01:01:01,1
SGGGADGL,SIRSSYEQ,RAKFKQLL,B*08:01:01:01,1
SGGGADGL,SLDTQ,RAKFKQLL,B*08:01:01:01,1
SGGGADGL,SLFTDTQ,RAKFKQLL,B*08:01:01:01,1
SGGGADGL,SLGLASTDTQ,RAKFKQLL,B*08:01:01:01,1
SGGGADGL,SLGRAYGY,KLGGALQAK,A*03:01:01:01,1
SGGGADGL,SLGTSGGTGEL,RAKFKQLL,B*08:01:01:01,1
SGGGADGL,SLRGSMNTEA,RAKFKQLL,B*08:01:01:01,1
SGGGADGL,SLSGRPYEQ,RAKFKQLL,B*08:01:01:01,1
SGGGADGL,SPRSSYEQ,RAKFKQLL,B*08:01:01:01,1
SGGGADGL,SQATEQ,KLGGALQAK,A*03:01:01:01,1
SGGGADGL,SSRGGQETQ,RAKFKQLL,B*08:01:01:01,1
SGGGADGL,SVGAGSNQPQ,YLQPRTFLL,A*02:01:01:01,1
SGGGADGL,SVTGGDTEA,RAKFKQLL,B*08:01:01:01,1
SGGGADGL,SWRSTDTQ,GILGFVFTL,A*02:01:01:01,1
SGGGGGADGL,SYGNQPQ,YLQPRTFLL,A*02:01:01:01,1
SGGGSNYKL,RGREQ,NTNSSPDDQIGYY,A*01:01:01:01,1
SGGGSQGNL,SARSQETQ,GILGFVFTL,A*02:01:01:01,1
SGGGSQGNL,SARSSYEQ,GILGFVFTL,A*02:01:01:01,1
SGGGSQGNL,SFRAGETQ,GILGFVFTL,A*02:01:01:01,1
SGGGSQGNL,SFSGNTGEL,RAKFKQLL,B*08:01:01:01,1
SGGGSQGNL,SGRAADTQ,GILGFVFTL,A*02:01:01:01,1
SGGGSQGNL,SGRSQETQ,GILGFVFTL,A*02:01:01:01,1
SGGGSQGNL,SGRSTDTQ,GILGFVFTL,A*02:01:01:01,1
SGGGSQGNL,SIRAQETQ,GILGFVFTL,A*02:01:01:01,1
SGGGSQGNL,SIRSSYNEQ,GILGFVFTL,A*02:01:01:01,1
SGGGSQGNL,SLRSSYNEQ,GILGFVFTL,A*02:01:01:01,1
SGGGSQGNL,SQRSQETQ,GILGFVFTL,A*02:01:01:01,1
SGGGSQGNL,STRSQETQ,GILGFVFTL,A*02:01:01:01,1
SGGGSQGNL,STRSSYNEQ,GILGFVFTL,A*02:01:01:01,1
SGGNTPL,SPGQGYNEQ,KLGGALQAK,A*03:01:01:01,1
SGGSNYKL,SFSGNTGEL,RAKFKQLL,B*08:01:01:01,1
SGGSNYKL,SIRSSYEQ,GILGFVFTL,A*02:01:01:01,1
SGGSNYKL,SLDLYGY,NLVPMVATV,A*02:01:01:01,1
SGGSNYKL,SSRAEA,GILGFVFTL,A*02:01:01:01,1
SGGSQGNL,SQAENTEA,CINGVCWTV,A*02:01:01:01,1
SGGSQGNL,SSGQGAYEQ,GILGFVFTL,A*02:01:01:01,1
SGGSYIP,EPYEQ,KLGGALQAK,A*03:01:01:01,1
SGGSYIP,SLLENTEA,CINGVCWTV,A*02:01:01:01,1
SGGSYIP,SSGPAYEQ,LLWNGPMAV,A*02:01:01:01,1
SGGYQKV,RQGNTGEL,KLGGALQAK,A*03:01:01:01,1
SGGYQKV,TGSYGY,KAFSPEVIPMF,B*57:06,1
SGNAGNML,SIGYYGY,GILGFVFTL,A*02:01:01:01,1
SGNAGNML,SLGTGSYEQ,KLGGALQAK,A*03:01:01:01,1
SGNTGGFKT,SYEGGTEA,KLGGALQAK,A*03:01:01:01,1
SGNTGKL,SLSGGNTGEL,KLGGALQAK,A*03:01:01:01,1
SGNTGNQF,SYNEQ,NLVPMVATV,A*02:01:01:01,1
SGNTPL,TQGYNEQ,YQDVNCTEV,A*02:01:01:01,1
SGSGAGSYQL,SWDSNSPL,KLGGALQAK,A*03:01:01:01,1
SGSGGSYIP,SLGTGGGY,GILGFVFTL,A*02:01:01:01,1
SGSQGNL,SFSGNTGEL,GILGFVFTL,A*02:01:01:01,1
SGSQGNL,SIRSSYEQ,GILGFVFTL,A*02:01:01:01,5
SGSQGNL,SQGAYGY,GILGFVFTL,A*02:01:01:01,1
SGSQGNL,SSRSSYEQ,GILGFVFTL,A*02:01:01:01,3
SGSQGNL,SVRSSYEQ,GILGFVFTL,A*02:01:01:01,1
SGSSNTGKL,SLIGEA,AVFDRKSDAK,A*11:01:01:01,1
SGTGGFKT,SGTSGHNEQ,KLGGALQAK,A*03:01:01:01,1
SGTGGFKT,STGQPQ,GILGFVFTL,A*02:01:01:01,1
SGTGNQF,GQGFYEQ,TTDPSFLGRY,A*01:01:01:01,1
SGTYKY,SLLGSYNEQ,VFLVLLPLV,A*02:01:01:01,1
SGTYKY,SLVGGEQ,RPIIRPATL,B*08:01:01:01,1
SGTYKY,SQGTSGNEQ,LLWNGPMAV,A*02:01:01:01,1
SGTYKY,SRAGAYEQ,LLWNGPMAV,A*02:01:01:01,1
SGTYKY,SSGTGVYGY,KLGGALQAK,A*03:01:01:01,1
SGYSTL,SAQGAYGY,LLWNGPMAV,A*02:01:01:01,1
SGYSTL,SLGQGVYEQ,KLGGALQAK,A*03:01:01:01,1
SINQGGKL,SRGPNYEQ,IVTDFSVIK,A*11:01:01:01,1
SINQGGKL,SRGPNYEQ,KLGGALQAK,A*03:01:01:01,1
SIQGAQKL,SQGGGSETQ,KLGGALQAK,A*03:01:01:01,1
SITGGGNKL,SRSTEA,KLGGALQAK,A*03:01:01:01,1
SKGAQKL,SQRSTDTQ,GILGFVFTL,A*02:01:01:01,1
SKTSYDKV,SFSGNTGEL,RAKFKQLL,B*08:01:01:01,1
SNAGGTSYGKL,SWGANYGY,KLGGALQAK,A*03:01:01:01,1
SNAGNML,SRRTGGTDTQ,LLAGIGTVPI,A*02:01:01:01,1
SNFGNEKL,SVGQGNQPQ,PTDSYITTY,A*01:01:01:01,1
SNFNKF,SSRLAGQETQ,RTATKAYNV,A*02:01:01:01,1
SNNNARL,SLSGQPQ,HSNLNDATY,A*01:01:01:01,1
SNNNDM,SLLAGSSYNEQ,HFISNSWLM,A*24:02:01:01,1
SNQAGTAL,SPRETQ,KLGGALQAK,A*03:01:01:01,1
SNQGGKL,SLGGGEL,FLRGRAYGL,B*08:01:01:01,1
SNSGYAL,SLADRVYEQ,KLGGALQAK,A*03:01:01:01,1
SNTDKL,SLASQETQ,KLGGALQAK,A*03:01:01:01,1
SNTGKL,SFSGNTGEL,RAKFKQLL,B*08:01:01:01,1
SNTGKL,SLGFTDTQ,RAKFKQLL,B*08:01:01:01,1
SNTGKL,SLGGTNEQ,RAKFKQLL,B*08:01:01:01,1
SNTGKL,SLLAGEYNEQ,RAKFKQLL,B*08:01:01:01,1
SNTGNQF,SIGVYGY,GILGFVFTL,A*02:01:01:01,1
SNTNAGKS,SIRSSYEQ,GILGFVFTL,A*02:01:01:01,1
SNYGGSQGNL,SFYSNQPQ,GILGFVFTL,A*02:01:01:01,1
SNYGGSQGNL,SRDTEA,KLGGALQAK,A*03:01:01:01,1
SPGTYKY,SWGDSYNEQ,KLGGALQAK,A*03:01:01:01,1
SPNAGGTSYGKL,SIGLYGY,GILGFVFTL,A*02:01:01:01,1
SPYNQGGKL,LADTQ,IVTDFSVIK,A*11:01:01:01,1
SQGGSEKL,SSGLAGPYNEQ,AVFDRKSDAK,A*11:01:01:01,1
SQGGSEKL,SSLHYGY,KLGGALQAK,A*03:01:01:01,1
SRGSTLGRL,RGISGNTI,AVFDRKSDAK,A*11:01:01:01,1
SRGYSTL,SFSGNTGEL,AVFDRKSDAK,A*11:01:01:01,1
SRGYSTL,SLGGGNNEQ,AVFDRKSDAK,A*11:01:01:01,1
SRGYSTL,SLGGGNNEQ,KLGGALQAK,A*03:01:01:01,1
SRGYSTL,SLGGGNNEQ,RAKFKQLL,B*08:01:01:01,1
SRGYSTL,SRSGSYNEQ,HLVEALYLV,A*02:01:01:01,1
SRSGSARQL,SESYEQ,IVTDFSVIK,A*11:01:01:01,1
SRSNDYKL,SLAGNEQ,KSKRTPMGF,B*57:01:01:01,1
SSGGYQKV,RRDRAYEQ,NQKLIANQF,B*15:01:01:01,1
SSGYSTL,SLPGYNEQ,KLGGALQAK,A*03:01:01:01,1
SSNDYKL,SETGQPQ,LLWNGPMAV,A*02:01:01:01,1
SSNDYKL,SYGGSTEA,KLGGALQAK,A*03:01:01:01,1
SSNFGNEKL,STDYEQ,KLGGALQAK,A*03:01:01:01,1
SSNTGKL,SIRSSYEQ,GILGFVFTL,A*02:01:01:01,1
SSNTGKL,SSRSSYEQ,GILGFVFTL,A*02:01:01:01,1
SSSNTGKL,RDRGPYNEQ,KLGGALQAK,A*03:01:01:01,1
STDKL,SLKLAGTDTQ,LLWNGPMAV,A*02:01:01:01,1
STDRGSTLGRL,SLRGGRETQ,KLGGALQAK,A*03:01:01:01,1
STGFQKL,SLGETQ,ELAGIGILTV,A*02:01:01:01,1
STGNQF,RQGYEQ,KLGGALQAK,A*03:01:01:01,1
STNTNAGKS,SLGLNEQ,KLGGALQAK,A*03:01:01:01,1
SYGGSQGNL,SGYSNQPQ,GILGFVFTL,A*02:01:01:01,1
SYGGSQGNL,SIRSSYEQ,GILGFVFTL,A*02:01:01:01,1
SYGGSQGNL,SIRSTDTQ,GILGFVFTL,A*02:01:01:01,2
SYGGSQGNL,SQRSTDTQ,GILGFVFTL,A*02:01:01:01,1
SYGGSQGNL,STRSTDTQ,GILGFVFTL,A*02:01:01:01,1
SYGGSQGNL,SVRSTDTQ,GILGFVFTL,A*02:01:01:01,1
TDKL,SPGQGVSYEQ,GILGFVFTL,A*02:01:01:01,1
TDSGGGADGL,SRYNEQ,KLGGALQAK,A*03:01:01:01,1
TDSSYKL,SERGSYNEQ,KLGGALQAK,A*03:01:01:01,1
TGANNL,RGYSNQPQ,KLGGALQAK,A*03:01:01:01,1
TGANNL,SAGQGAYEQ,VMATRRNVL,E*01:03:01:01,1
TGANNL,SLATGEL,KLGGALQAK,A*03:01:01:01,1
TGANNL,SPGANNEQ,KLGGALQAK,A*03:01:01:01,1
TGFQKL,SPPGQGTYEQ,LLAGIGTVPI,A*02:01:01:01,1
TGGFKT,SLYNEQ,GPRLGVRAT,B*07:02:01:01,1
TGGGADGL,STPGGTGEL,LLAGIGTVPI,A*02:01:01:01,1
TGGGNKL,SLGADTQ,VTDAAHLLI,A*01:01:01:01,1
TGGSYIP,SYAETQ,GILGFVFTL,A*02:01:01:01,1
TGGYQKV,SSPGGNTI,ELAGIGILTV,A*02:01:01:01,1
TGNQF,SLGIYGY,GILGFVFTL,A*02:01:01:01,1
TGNQF,SLINTEA,KTFPPTEPK,A*03:01:01:01,1
TGNQF,SPGYNEQ,VVMSWAPPV,A*02:01:01:01,1
TGTASKL,SLNEQ,LLAGIGTVPI,A*02:01:01:01,1
TGTASKL,SWSSYEQ,GILGFVFTL,A*02:01:01:01,1
TGTYKY,SRSGNYGY,LLWNGPMAV,A*02:01:01:01,1
TNAGNML,SADGEQ,KLGGALQAK,A*03:01:01:01,1
TNQAGTAL,SDRSNQPQ,GILGFVFTL,A*02:01:01:01,1
TNQAGTAL,SPDLDTQ,KLGGALQAK,A*03:01:01:01,1
TQGGSEKL,SSGNSYEQ,KLGGALQAK,A*03:01:01:01,1
TSGTYKY,SLTIQETQ,KLGGALQAK,A*03:01:01:01,1
TSNTGKL,SFRSSYEQ,GILGFVFTL,A*02:01:01:01,1
TSNTGKL,SIRSSYEQ,GILGFVFTL,A*02:01:01:01,1
TSNTGKL,SVRSSYEQ,GILGFVFTL,A*02:01:01:01,1
TSNTGKL,SYGTNTGEL,GILGFVFTL,A*02:01:01:01,1
TYGGSQGNL,SARSTDTQ,GILGFVFTL,A*02:01:01:01,1
TYGGSQGNL,SPRSTDTQ,GILGFVFTL,A*02:01:01:01,1
TYGGSQGNL,SQQGGYEQ,KLGGALQAK,A*03:01:01:01,1
TYGGSQGNL,SQRSTDTQ,GILGFVFTL,A*02:01:01:01,1
TYGGSQGNL,SRRSTGEL,GILGFVFTL,A*02:01:01:01,1
TYGGSQGNL,STRAAYEQ,GILGFVFTL,A*02:01:01:01,1
TYNTDKL,SLGGLAYEQ,ALGIGILTV,A*02:01:01:01,1
TYSGAGSYQL,SNQETQ,ELAGIGILTV,A*02:01:01:01,1
VNAGGTSYGKL,SLGLSGEL,YLQPRTFLL,A*02:01:01:01,1
VSGGSYIP,SVDRTYEQ,KLGGALQAK,A*03:01:01:01,1
VYGGSQGNL,SIRSSYEQ,GILGFVFTL,A*02:01:01:01,1
VYNFNKF,SDLRGGY,VMTTVLATL,E*01:03:01:01,1
VYNFNKF,SLTGTSYNEQ,AVFDRKSDAK,A*11:01:01:01,1
YGGATNKL,SLGQGQPQ,KLGGALQAK,A*03:01:01:01,1
YGGATNKL,SVGEA,KLGGALQAK,A*03:01:01:01,1
YGGATNKL,TGLAYNEQ,KLGGALQAK,A*03:01:01:01,1
YGNNRL,REGGSNQPQ,KLGGALQAK,A*03:01:01:01,1
YNFNKF,SIRSSYEQ,GILGFVFTL,A*02:01:01:01,1
YNFNKF,SLRAMNTEA,KLGGALQAK,A*03:01:01:01,1
YNQGGKL,SIRSSYEQ,GILGFVFTL,A*02:01:01:01,1
YNTDKL,RGQGTTEA,KLGGALQAK,A*03:01:01:01,1
YNTDKL,SQVGNYGY,GSHLVEALY,A*01:01:01:01,1
YSGAGSYQL,SLSSYNEQ,RAKFKQLL,B*08:01:01:01,1
YSGGGADGL,SLGTSYEQ,AVFDRKSDAK,A*11:01:01:01,1
YSGGGADGL,SLGTSYEQ,KLGGALQAK,A*03:01:01:01,1
YSGGGADGL,SLRANEQ,EAKQKGFVPF,B*08:01:01:01,1
YSGGGADGL,SYGYEQ,ILSAHVATA,A*02:01:01:01,1
YSGGGADGL,SYTGEL,KLVALGINAV,A*02:01:01:01,1
YSTL,SYTNTGEL,KLGGALQAK,A*03:01:01:01,1
YTDKL,SRGGGLYEQ,RLRAEAQVK,A*03:01:01:01,1
YTGTASKL,SGTSGAYNEQ,KLGGALQAK,A*03:01:01:01,1
YTGTASKL,SGTSGAYNEQ,RLRAEAQVK,A*03:01:01:01,1
